model,mae,rmse,dir_acc
ARIMA,0.008891057477503347,0.01469230879493548,0.48544973544973546
TFT Global,0.008882950784527463,0.014782596727380597,0.5277777777777778
