model,mae,rmse,dir_acc,dir_acc_pct
Phase 4 — TFT Global (baseline),0.008811739444555159,0.014790536367000048,0.5515873015873016,55.16
Phase 5 — TFT-Conditioned,0.00876503535418301,0.014838194763441078,0.5701058201058201,57.01
Phase 5 — TFT-Separate,0.008742570134368424,0.01482225966557012,0.5621693121693122,56.22
Phase 5 — TFT-Ensemble,0.008746199722223322,0.014822567871282197,0.5582010582010583,55.82
