run,hidden_size,batch_size,epochs,mae,rmse,dir_acc,dir_acc_pct
TFT Colab GPU,64,128,16,0.008811739444555159,0.014790536367000048,0.5515873015873016,55.16%
TFT Mac CPU,16,32,25,0.008882950784527463,0.014782596727380597,0.5277777777777778,52.78%
ARIMA,-,-,-,0.008891057477503342,0.014692308794935454,0.48544973544973546,48.54%
